emp_no,first_name,last_name,dept_name
10058,Berhard,McFarlin,Marketing
10340,Djelloul,Laventhal,Marketing
10548,Ramalingam,Gunderson,Marketing
10778,Selwyn,Merey,Marketing
10927,Gal,Scallan,Marketing
11012,Taegyun,Speckmann,Marketing
11031,Ottavia,Walstra,Marketing
11050,Elvis,Katiyar,Marketing
11113,Shahab,Peng,Marketing
11251,Bezalel,Chinal,Marketing
11320,Atilio,McAlpine,Marketing
11527,Alagu,Boyle,Marketing
11554,Subhash,Taubenfeld,Marketing
11684,Oksana,Gide,Marketing
11797,Chenxi,Thambidurai,Marketing
11853,Zeljko,Kusakabe,Marketing
11872,Cheong,Riexinger,Marketing
12036,Mads,Ratzlaff,Marketing
12642,Suebskul,Gips,Marketing
12803,Gad,Boissier,Marketing
13030,Yahiko,Kroll,Marketing
13075,Rosella,Morrin,Marketing
13133,Guther,Senzako,Marketing
13210,Jianhua,Klassen,Marketing
13341,Bodh,Doering,Marketing
14041,Shan,DeMori,Marketing
14107,Xiahua,Rindone,Marketing
14513,Samphel,Barreiro,Marketing
14710,Mahmut,Hainaut,Marketing
14983,Hyuckchul,Pouyioutas,Marketing
15018,Ramalingam,Prenel,Marketing
15105,Sudhanshu,Itzigehl,Marketing
15151,Urs,Pouyioutas,Marketing
15248,Edwin,Baar,Marketing
15410,Wilmer,Kushner,Marketing
15565,TRUE,Muchinsky,Marketing
15656,Mohammad,Schaaf,Marketing
15715,Insup,Ibel,Marketing
15726,Zhilian,Parascandalo,Marketing
15769,Pranay,Oskamp,Marketing
15819,Magdalena,Rajcani,Marketing
15861,Gio,Anido,Marketing
16138,Leucio,Krzyzanowski,Marketing
16954,Akhilish,Apsitis,Marketing
17327,Yongmin,Gihr,Marketing
17387,Shir,Serra,Marketing
17472,Murthy,Verhoeff,Marketing
17683,Bernt,Henders,Marketing
17798,Guangming,Suessmith,Marketing
18943,Anneli,Rando,Marketing
19154,Inderjeet,Denna,Marketing
19356,Masato,Prenel,Marketing
19511,Jamaludin,Fujisaki,Marketing
19612,Chenxi,Erdmenger,Marketing
19667,Munenori,Matzel,Marketing
19738,Giri,Sury,Marketing
19843,Mohamadou,Peir,Marketing
20170,Emdad,Himler,Marketing
20181,Thodoros,Wegerle,Marketing
20222,Baziley,Rettelbach,Marketing
20305,Gou,Birnbaum,Marketing
20674,Maria,Avouris,Marketing
20751,Nitsan,Zyda,Marketing
20974,Hisao,Yavatkar,Marketing
21133,Carrsten,Brizzi,Marketing
21275,Waiman,Suppi,Marketing
21693,Palash,Schurmann,Marketing
21851,Falguni,Budinsky,Marketing
21897,Sampalli,Kavanagh,Marketing
22030,Lokesh,Hockney,Marketing
22100,Vishwani,Spataro,Marketing
22135,Guiseppe,Nyrup,Marketing
22480,Boaz,Mikschl,Marketing
22726,Steve,Shanbhogue,Marketing
22776,Ekawit,Whitcomb,Marketing
22812,Weiru,Kemmerer,Marketing
23087,Nectarios,Bernini,Marketing
23300,Froduald,Schauser,Marketing
23455,Aemilian,Sethi,Marketing
23676,Sham,Openshaw,Marketing
23764,Hsiangchu,Cyne,Marketing
23868,Trygve,Reistad,Marketing
23907,Isamu,Dahlbom,Marketing
23910,Shahab,Tempesti,Marketing
23977,Jouko,Boissier,Marketing
24029,Heekeun,Maksimenko,Marketing
24133,Prodip,Ramalingam,Marketing
24154,Khaled,Hashii,Marketing
24432,Jackson,Vakili,Marketing
24556,Ziva,Boyle,Marketing
24572,Hirochika,Setlzner,Marketing
24682,Nigel,Ginesta,Marketing
24705,Luisa,Jervis,Marketing
24746,Tianruo,Tsukuda,Marketing
24775,Ziyad,Spelt,Marketing
24793,Kristen,Brizzi,Marketing
24951,Fayez,Kirkerud,Marketing
24976,Khun,Vakili,Marketing
25255,Heng,Erdi,Marketing
25269,Kazuhiko,Hainaut,Marketing
25393,Claudi,Frijda,Marketing
25514,Sushant,Homond,Marketing
25615,Aria,Strehl,Marketing
25633,Haldon,Azumi,Marketing
25867,Mamdouh,Ernst,Marketing
25939,Shen,Setiz,Marketing
25993,Kazuhiro,Luft,Marketing
26264,Sachio,Speckmann,Marketing
26504,Chiranjit,Segond,Marketing
26769,Jinxi,Conti,Marketing
27412,Shigeaki,Boguraev,Marketing
27413,Phuoc,Aamodt,Marketing
27671,JiYoung,Flasterstein,Marketing
27708,Dayanand,Gill,Marketing
27749,Katsuyuki,Biros,Marketing
27780,Siamak,Simkin,Marketing
28104,Dmitry,Marsiglia,Marketing
28242,Thodoros,Vasanthakumar,Marketing
28281,Adhemar,Oxenboll,Marketing
28298,Holgard,Ritcey,Marketing
28411,Weicheng,Yavatkar,Marketing
28440,Cordelia,Tomescu,Marketing
28565,Rosalie,Bain,Marketing
28716,Kristian,Hertweck,Marketing
28981,Dipayan,Bernardinello,Marketing
29527,Adamantios,Oaver,Marketing
29603,Kristina,Khamsi,Marketing
29690,Eran,Fioravanti,Marketing
29795,Kristine,Sessa,Marketing
29991,Aral,Rosenbaum,Marketing
30075,Bojan,Zedlitz,Marketing
30103,Murthy,Gini,Marketing
30148,Lakshmi,Linnainmaa,Marketing
30179,Shirish,Krzyzanowski,Marketing
30269,Dharmaraja,Valtorta,Marketing
30373,Jayesh,Vasanthakumar,Marketing
30601,Gilbert,Cyne,Marketing
30824,Subbu,Bellone,Marketing
31066,Sadun,Papsdorf,Marketing
31089,Kshitij,Cannane,Marketing
31131,Conal,Zolotykh,Marketing
31344,Saddek,Gerteisen,Marketing
31348,Ravishankar,Randi,Marketing
31363,Hidde,Merli,Marketing
31952,Giap,Christianini,Marketing
31956,Ziyad,Gecsei,Marketing
32026,Lansing,Skrikant,Marketing
32151,Martine,Pileggi,Marketing
32204,Garnet,Leppanen,Marketing
32239,Xumin,Cummings,Marketing
32349,Hairong,DiGiano,Marketing
32483,Gay,Tsukune,Marketing
32505,Sailaja,Gustavson,Marketing
32564,Hatem,Miake,Marketing
32724,Alselm,Janocha,Marketing
32734,Kazuhira,Lagarias,Marketing
32919,Lenore,Schaad,Marketing
32925,Xiaoqiu,Zwicker,Marketing
33137,Shietung,Ranon,Marketing
33225,Mani,Ranta,Marketing
33871,Vivian,Erdmenger,Marketing
33907,Jaihie,Kisuki,Marketing
33991,Zeydy,Makrucki,Marketing
34354,Kristen,Acton,Marketing
34482,Jouko,Lortz,Marketing
34550,Szabolcs,Borstler,Marketing
34552,Souichi,Llado,Marketing
34630,Xiaoshan,Whittlesey,Marketing
34673,Unal,Pews,Marketing
34814,Rajmohan,Tsukune,Marketing
34827,Heng,Apsitis,Marketing
35011,Charmane,Vernadat,Marketing
35093,Sverrir,Mateescu,Marketing
35256,Wojceich,McDermid,Marketing
35273,Zsolt,Mitsuhashi,Marketing
35329,Goetz,Lukaszewicz,Marketing
35418,Mircea,Unni,Marketing
35550,Van,Hutton,Marketing
35919,Doowon,Jervis,Marketing
36147,Richard,Syrotiuk,Marketing
36251,Kenroku,Seiwald,Marketing
36266,Elvia,Fujisaki,Marketing
36349,Aloys,Ladret,Marketing
36445,Sudharsan,Ellozy,Marketing
36463,Chanjung,Burnard,Marketing
36555,Takahiro,Rothenberg,Marketing
36698,Aksel,Shackel,Marketing
37260,Sham,Fontan,Marketing
37442,Subhada,Lipner,Marketing
37496,Danny,Tchuente,Marketing
37507,Kamran,Quittner,Marketing
37619,Xuedong,DuCasse,Marketing
37881,Sedat,Falster,Marketing
37999,Niclas,Shumilov,Marketing
38191,Huei,Suomi,Marketing
38244,Phillip,Madeira,Marketing
38388,Arnd,Nishimukai,Marketing
38552,Yolla,Quittner,Marketing
38696,Keiichiro,Leppanen,Marketing
38844,Marsal,Merle,Marketing
39186,Golgen,Atrawala,Marketing
39603,Shugo,Pelc,Marketing
39636,Muzhong,Deville,Marketing
39648,Gad,Lanphier,Marketing
39759,Faiza,Varker,Marketing
39971,Odoardo,Antonisse,Marketing
40035,Anyuan,Kleiser,Marketing
40188,Mansur,Serot,Marketing
40428,Rosalie,Veldwijk,Marketing
40512,Kwangjo,Melton,Marketing
40631,Frazer,Alameldin,Marketing
40739,Kazuhiko,Itzfeldt,Marketing
40762,Tze,Tanemo,Marketing
40769,Seongbin,Covnot,Marketing
41077,Amalendu,Walston,Marketing
41179,Masamitsu,Vecchi,Marketing
41363,Ronghao,Siepmann,Marketing
41404,Marco,Isaak,Marketing
41487,Aemilian,Cummings,Marketing
41724,Faiza,Bage,Marketing
41864,Kazuhito,Gulla,Marketing
41889,Basim,Zumaque,Marketing
42478,Kristin,Biros,Marketing
42499,Palash,Yavatkar,Marketing
42650,Neven,Horswill,Marketing
42663,Lech,Barreiro,Marketing
42765,Filipp,Bresenham,Marketing
43045,Howell,Birke,Marketing
43438,Sampalli,Zultner,Marketing
43594,Moni,Hoogerwoord,Marketing
43649,Idoia,Petersohn,Marketing
43776,Xuedong,Feldhoffer,Marketing
43900,Monique,Thombley,Marketing
43965,Syozo,Hasham,Marketing
44070,Luerbio,Onuegbe,Marketing
44442,Atilio,Gente,Marketing
44484,Pasqua,Gelosh,Marketing
44750,Bernice,Coors,Marketing
44869,JoAnne,Serov,Marketing
45209,Yinghua,Cardazo,Marketing
45313,DAIDA,Schusler,Marketing
45376,Mabo,Toyoshima,Marketing
45416,Avishai,Percebois,Marketing
45466,Guiseppe,Tomescu,Marketing
45566,Lena,Marsiglia,Marketing
45854,Zsolt,Kriebel,Marketing
46042,Youssef,Vrecion,Marketing
46109,Kiyotoshi,Kragelund,Marketing
46261,Owen,Uehara,Marketing
46316,Padma,Karnin,Marketing
46339,Stepehn,Linares,Marketing
46352,Unal,Zambonelli,Marketing
46670,Marie,Unno,Marketing
46672,Heekeun,Rehfuss,Marketing
46680,Phuoc,Fairtlough,Marketing
46727,LiMin,Dratva,Marketing
47236,Masako,Polupanov,Marketing
47249,Jayson,Swen,Marketing
47383,Amabile,Melichar,Marketing
47438,Dayanand,Mandell,Marketing
47516,Ronnie,Assaf,Marketing
47581,Jagoda,Copas,Marketing
47627,Alejandra,Harbusch,Marketing
47726,Huei,Bahr,Marketing
47735,Atilio,Krichel,Marketing
47996,Hirochika,Itschner,Marketing
48139,Perry,Bultermann,Marketing
48268,Kazuhisa,Hutton,Marketing
48426,Amstein,Conte,Marketing
48683,Peer,Garnham,Marketing
48775,Ranga,Pillow,Marketing
49570,Berry,Henseler,Marketing
49806,Barun,Camarinopoulos,Marketing
50080,Mary,Argence,Marketing
50218,Boguslaw,Baer,Marketing
50455,Munir,Anguita,Marketing
50605,Jaihie,Crooks,Marketing
51081,Masadi,Blokdijk,Marketing
51148,Lucian,Lubachevsky,Marketing
51208,Arvin,Walstra,Marketing
51311,Guadalupe,Fujisaki,Marketing
51336,Rosli,Pepe,Marketing
51602,Edwin,Antonakopoulos,Marketing
51639,Abdelaziz,Czap,Marketing
51806,Fumitake,Tasistro,Marketing
52008,Sachio,Noriega,Marketing
52071,Xianlong,Milicic,Marketing
52228,Heng,Meszaros,Marketing
52230,Leah,Stavenow,Marketing
52252,Moty,Bade,Marketing
52369,Manohar,Sewelson,Marketing
52671,Gay,Sommer,Marketing
52682,Valdiodio,Crooks,Marketing
52727,Steve,Facello,Marketing
52752,Barna,Rajcani,Marketing
52773,Shounak,Rissland,Marketing
52856,Kazuhide,Speel,Marketing
52986,Ugo,Beznosov,Marketing
53057,Moss,Reeken,Marketing
53083,Jinya,Schaap,Marketing
53092,Tetsushi,England,Marketing
53165,Woody,Feldmann,Marketing
53318,Mohua,Hooghiemstra,Marketing
53367,Samphel,Parveen,Marketing
53475,Malu,Selenyi,Marketing
53642,Navin,Erdi,Marketing
53659,Feipei,Sommer,Marketing
53862,Manohar,Siprelle,Marketing
53977,Alper,Unno,Marketing
54123,Kien,Bahk,Marketing
54407,Adhemar,Attimonelli,Marketing
54441,Miyeon,Uhrig,Marketing
54933,Ashish,Dayana,Marketing
55048,Pasqua,Percebois,Marketing
55273,Chiranjit,Zockler,Marketing
55306,Kotesh,Vuskovic,Marketing
55323,Hausi,Staelin,Marketing
55528,Indrajit,Swiler,Marketing
55726,Vitali,Krohm,Marketing
55727,Dmitri,Hiyoshi,Marketing
55768,Shahid,Chandrasekhar,Marketing
55784,Lijia,Luby,Marketing
55798,Pasqua,Knightly,Marketing
55848,Anneli,Ozeri,Marketing
55907,Ghassan,Herbst,Marketing
55929,Moni,Marakhovsky,Marketing
56035,Avishai,Kaiser,Marketing
56049,Felicidad,Waymire,Marketing
56406,Sachem,Schusler,Marketing
56455,Khaled,Juneja,Marketing
56551,Rimon,Gini,Marketing
56581,Zhenbing,Cappello,Marketing
56706,Zita,Rodier,Marketing
56767,Mark,Trelles,Marketing
56923,Djelloul,Zuberek,Marketing
56938,Thodoros,Flowers,Marketing
56985,Pranav,Bolotov,Marketing
57210,Odinaldo,Veccia,Marketing
57234,Junsik,Veldwijk,Marketing
57246,Uinam,Bamford,Marketing
57297,Tamiya,Benaini,Marketing
57335,Francoise,Casperson,Marketing
57338,Mostafa,Rouquie,Marketing
57511,Weidon,Crabtree,Marketing
57676,Alper,Noriega,Marketing
57706,Kolar,Quaggetto,Marketing
57850,Ayakannu,Kawashima,Marketing
57882,Marsal,Bressoud,Marketing
57983,Ranga,Iisaku,Marketing
58123,Zhaofang,Isard,Marketing
58346,Ibibia,Lambe,Marketing
58446,Xiaoqiang,Reghbati,Marketing
58460,Mart,Wixon,Marketing
58468,Lucian,Limongiello,Marketing
58541,Anneli,Pouyioutas,Marketing
58567,Eric,Scallan,Marketing
58608,Jenwei,Khalid,Marketing
58696,Zsolt,Ruemmler,Marketing
58892,Masami,Cyne,Marketing
59113,Lillian,Debuse,Marketing
59237,Gen,Lundstrom,Marketing
59374,Zhaofang,Bardell,Marketing
59466,Gila,Kornatzky,Marketing
59659,Leandro,Munke,Marketing
59911,Remco,Bauknecht,Marketing
60060,Anyuan,Ramamoorthy,Marketing
60133,Valeri,Shobatake,Marketing
60197,Harjit,Comellas,Marketing
60246,Honesty,Fraisse,Marketing
60505,Yinghua,Birnbaum,Marketing
60795,Mart,Huttel,Marketing
61244,Xiaoqiang,Peternell,Marketing
61301,Nahla,Ghandeharizadeh,Marketing
61539,Morris,Ghandeharizadeh,Marketing
61673,Krassimir,Krybus,Marketing
61788,Frederique,Matzke,Marketing
61864,Hironoby,Kamber,Marketing
61989,Yaghout,Vesna,Marketing
62294,Jeanne,Bratsberg,Marketing
62351,Yuchang,Osgood,Marketing
62449,Jixiang,Angelov,Marketing
63136,Hitofumi,Thibadeau,Marketing
63236,Shan,Barinka,Marketing
63288,Stella,Zolotykh,Marketing
63291,Subhrajyoti,Budinsky,Marketing
63576,Cheong,Awdeh,Marketing
64138,Yuqun,Fetvedt,Marketing
64158,Yechiam,Fujisawa,Marketing
64179,Yongmin,Szemeredi,Marketing
64298,Toshimori,Lupu,Marketing
64398,Nectarios,Perna,Marketing
64536,Reinhold,Jiang,Marketing
64575,Pradeep,Sridhar,Marketing
64625,Geoff,Boissier,Marketing
64655,Jaideep,Nilsson,Marketing
64755,Mang,Shackel,Marketing
64916,Mohit,Hmelo,Marketing
64933,Kristin,Mungall,Marketing
65113,Arif,Brender,Marketing
65311,Terresa,Assaf,Marketing
65393,Shietung,Lubachevsky,Marketing
65443,Sreekrishna,Bresenham,Marketing
65449,Vasiliy,Steenbeek,Marketing
65515,Phillip,Teitelbaum,Marketing
65579,Adit,Orsini,Marketing
65591,Apostol,Riesenhuber,Marketing
65599,Gen,Sethi,Marketing
65674,Cathie,Sadowski,Marketing
65832,Anoosh,Lamba,Marketing
65834,Vidya,Marletta,Marketing
65869,Premsyl,Nittel,Marketing
65876,Yagil,Vieth,Marketing
65966,Jessie,Macedo,Marketing
65974,Fayez,Schicker,Marketing
66039,JoAnna,Georgatos,Marketing
66217,Dmitry,Karner,Marketing
66229,Dannz,Mayerwieser,Marketing
66314,Alagu,Sluis,Marketing
66519,Masami,Selenyi,Marketing
66588,Zine,Itschner,Marketing
66605,Chiranjit,Suermann,Marketing
66687,Kien,Simmen,Marketing
66945,Perry,Kusakabe,Marketing
67402,Maya,Ruemmler,Marketing
67450,Khosrow,Seiwald,Marketing
67837,Barun,Heyers,Marketing
68245,Valeska,Ramamoorthy,Marketing
68538,Kwangjo,Velasco,Marketing
68599,Alair,Zucker,Marketing
68840,Quingbo,Nourani,Marketing
68910,Basim,Maccarone,Marketing
68966,Shuho,Carrera,Marketing
69022,Kendra,Benzmuller,Marketing
69084,Kazuhisa,Thisen,Marketing
69418,Jixiang,Steinauer,Marketing
69555,Golgen,Sabnani,Marketing
69647,Deborah,Pileggi,Marketing
69651,Divier,Decaestecker,Marketing
69790,Werner,Leslie,Marketing
69928,Abdelkader,Nourani,Marketing
69940,Gonzalo,Mattern,Marketing
70217,Aksel,Iivonen,Marketing
70218,Stabislas,Luga,Marketing
70425,Mechthild,Businaro,Marketing
70502,Jiann,Weedon,Marketing
70571,Randy,Sooriamurthi,Marketing
70679,Aluzio,Hagimont,Marketing
70824,Kauko,Mawatari,Marketing
71263,Suvo,Farrar,Marketing
71268,Remko,Dalphin,Marketing
71320,Xuejia,Caine,Marketing
71812,Younwoo,Cooman,Marketing
71842,Bluma,Cummings,Marketing
72015,Reuven,Trystram,Marketing
72207,Wuxu,Marsiglia,Marketing
72216,Serif,Rebaine,Marketing
72920,Dekang,Radivojevic,Marketing
72943,Collette,Angot,Marketing
72977,Shahid,Servi,Marketing
73212,Niclas,Maraist,Marketing
73375,Aiichiro,Kragelund,Marketing
73389,IEEE,Sherertz,Marketing
73532,Becky,dAstous,Marketing
73689,Mansur,Goldhammer,Marketing
73744,Basil,Baalen,Marketing
73761,Mark,Birge,Marketing
73817,Nikolaos,Veccia,Marketing
73937,Kagan,Moehrke,Marketing
74069,Bluma,Schusler,Marketing
74084,Hatem,Vasanthakumar,Marketing
74772,Anoosh,Esteva,Marketing
74779,Beshir,Thibadeau,Marketing
74897,Ayonca,Danlos,Marketing
75042,Rance,Negoita,Marketing
75151,Weicheng,Gecsei,Marketing
75249,Parto,Junet,Marketing
75549,King,Schiettecatte,Marketing
75748,Xuejia,Varman,Marketing
75785,Zissis,Irland,Marketing
75868,Marko,Sadowski,Marketing
76018,Leon,Honglei,Marketing
76322,Sanjoy,Pepe,Marketing
76541,Nigel,Bharadwaj,Marketing
76549,Goetz,Narwekar,Marketing
76696,Saniya,Steenbeek,Marketing
76761,Raimond,Aloia,Marketing
76977,Sigeru,Stroustrup,Marketing
76979,Claude,Fiutem,Marketing
77005,Hercules,Rosin,Marketing
77102,Gad,Hettesheimer,Marketing
77232,Kinh,Krogh,Marketing
77244,Garnet,Docker,Marketing
77263,Arto,Keustermans,Marketing
77500,Takahira,Iwayama,Marketing
77599,Gudjon,Rosca,Marketing
77615,Jianwen,Krupka,Marketing
77712,Hercules,Casley,Marketing
77923,Kasidit,Schrooten,Marketing
78039,Genki,Heemskerk,Marketing
78350,Eric,Kobara,Marketing
78438,Susanne,Vuskovic,Marketing
78866,Olivera,Rusmann,Marketing
79411,Akemi,Beidas,Marketing
79563,Golgen,Chleq,Marketing
79973,Zine,Socorro,Marketing
80098,TRUE,Kusakabe,Marketing
80183,Mats,Munke,Marketing
80721,Katsuyuki,Delgrossi,Marketing
80937,Chikako,Jiang,Marketing
81167,Yurij,Francisci,Marketing
81649,Xuedong,Krohn,Marketing
81710,Girolamo,Hennings,Marketing
81717,Toney,Anguita,Marketing
81856,Masamitsu,Maierhofer,Marketing
81876,Chenye,Shackell,Marketing
81907,Jouko,Merkl,Marketing
81999,Mabhin,Vigier,Marketing
82002,King,Farris,Marketing
82237,Shen,Zaccaria,Marketing
82318,Branimir,Hashii,Marketing
82349,Tsz,Birjandi,Marketing
82422,Tesuya,Falby,Marketing
82544,Eberhardt,Keirsey,Marketing
82553,Barry,Georgakopoulos,Marketing
82572,Moie,Brattka,Marketing
82573,Genevieve,Berendt,Marketing
82721,Arvind,Showalter,Marketing
82774,Aral,Maierhofer,Marketing
82858,TRUE,Taubman,Marketing
82998,Mary,Linares,Marketing
83194,Vidar,Bridgland,Marketing
83634,Danae,Randi,Marketing
83856,Udi,Ernst,Marketing
83928,Paraskevi,Apsitis,Marketing
83986,Danae,Cusworth,Marketing
84144,Radhia,Wursthorn,Marketing
84255,Ramalingam,Nations,Marketing
84393,Marke,Yemenis,Marketing
84407,Chaoyi,Plessier,Marketing
84883,Vishv,Khalil,Marketing
84982,Gino,Biron,Marketing
85015,Lijia,Lipner,Marketing
85020,Tiina,Peir,Marketing
85024,Zeydy,Hmelo,Marketing
85040,Chikako,Legleitner,Marketing
85119,Xiaobin,Himler,Marketing
85159,Kendra,Buescher,Marketing
85210,Yolla,Openshaw,Marketing
85622,Berthier,Dengi,Marketing
85633,Salvador,Snedden,Marketing
85958,Fusako,Vadhan,Marketing
86023,Yuqun,Braunschweig,Marketing
86052,Hidekazu,Badache,Marketing
86062,Zengping,Anido,Marketing
86282,Martien,Baak,Marketing
86445,Chaoyi,Wynblatt,Marketing
86499,Lech,Escriba,Marketing
86575,Berthier,Sinitsyn,Marketing
86691,Kagan,Serdy,Marketing
87107,Kasturi,Peir,Marketing
87152,Nakhoon,Byoun,Marketing
87293,Kwangho,Champarnaud,Marketing
87302,Martina,Garigliano,Marketing
87359,Sadok,Bael,Marketing
87480,Geoff,Mitzlaff,Marketing
87869,Alassane,Luit,Marketing
87974,Shunichi,Peac,Marketing
88127,Sushant,Hooghiemstra,Marketing
88190,Lech,Radivojevic,Marketing
88247,Marjo,Fasbender,Marketing
88255,Tesuro,Barbanera,Marketing
88389,Jiakeng,Waymire,Marketing
88563,Mototsugu,Rodite,Marketing
88679,Genta,Lichtner,Marketing
88764,Aloys,Turnbull,Marketing
88806,Laurentiu,Ernst,Marketing
88890,Pranjal,Aloisi,Marketing
89354,Aiman,Schicker,Marketing
89825,Ingmar,Isard,Marketing
89872,Visit,Bugrara,Marketing
89904,Ottavia,Olivero,Marketing
89961,Yuping,Stenning,Marketing
90336,Shridhar,Chaudhury,Marketing
90390,Marko,Kadhim,Marketing
90428,Niranjan,Braunschweig,Marketing
90664,Ziva,Backhouse,Marketing
90674,Tzu,Nastansky,Marketing
90776,Bouchung,Skrikant,Marketing
90880,Prodip,Einsfeld,Marketing
90978,Ramya,Ouhyoung,Marketing
91029,Navin,Crooks,Marketing
91139,Gererd,Quittner,Marketing
91217,Xuedong,Nilsson,Marketing
91519,Danco,Panienski,Marketing
91802,Alassane,Meriste,Marketing
91813,Zhiwei,Bernini,Marketing
91904,Cordelia,Penttonen,Marketing
91908,Munenori,Kalsbeek,Marketing
91927,Yongqiao,Valtorta,Marketing
92185,Sarita,Cannane,Marketing
92313,Xudong,Setia,Marketing
92417,Aimee,Pollacia,Marketing
92485,Hein,Turnbull,Marketing
92535,Sarita,Pero,Marketing
92536,Nitsan,Rouquie,Marketing
92776,Elzbieta,Schapiro,Marketing
92821,Ute,Journel,Marketing
92833,Jeanna,Jullig,Marketing
92945,Marlo,Tyugu,Marketing
93164,Frazer,Ruemmler,Marketing
93296,Baoqiu,Montresor,Marketing
93359,Elliott,Takanami,Marketing
93433,Abdelkader,Tchuente,Marketing
93553,Maris,Swist,Marketing
93813,Giordano,Janetzko,Marketing
93964,Shimshon,Chelton,Marketing
93986,Elzbieta,Perry,Marketing
94150,Geoffrey,Eiron,Marketing
94210,Ekawit,Pouyioutas,Marketing
94405,Ramalingam,Escriba,Marketing
94822,Marit,Parascandalo,Marketing
94838,Howell,Czap,Marketing
95071,Toney,Isaak,Marketing
95152,Sarita,Riefers,Marketing
95283,Kwee,Peak,Marketing
95428,Shuzo,Conde,Marketing
95474,Guiseppe,Akazan,Marketing
95645,Sudharsan,Binkley,Marketing
95841,Mamdouh,Kampfer,Marketing
95867,Shakhar,Meszaros,Marketing
95883,Eirik,Koshiba,Marketing
95943,Guozhong,Luit,Marketing
95999,Owen,Murillo,Marketing
96083,Khalil,Muchinsky,Marketing
96174,Aral,Junot,Marketing
96304,Kristof,Stassinopoulos,Marketing
96318,Berhard,Andreotta,Marketing
96440,Guangming,Skogmar,Marketing
96646,Kiam,Shobatake,Marketing
96902,Khalil,Ozeki,Marketing
96946,Mikhail,Kakkar,Marketing
96982,Junsik,Beeson,Marketing
97045,Hyuncheol,Isaak,Marketing
97081,Nimmagadda,Covnot,Marketing
97122,Yoshinari,Cullers,Marketing
97135,Mechthild,Underwood,Marketing
97216,Suvo,Waschkowski,Marketing
97275,Jiakeng,Kemmerer,Marketing
97375,Nevio,Hofstetter,Marketing
97660,Mantis,Pramanik,Marketing
97682,Alejandra,Gulik,Marketing
97803,Randy,Keirsey,Marketing
98423,Zhiwei,Birta,Marketing
98444,Arra,Lubachevsky,Marketing
98500,Sarita,Bennet,Marketing
98823,Tesuya,Hartvigsen,Marketing
98832,Margo,Akiyama,Marketing
98861,George,Bellmore,Marketing
99002,Shan,Bergere,Marketing
99064,Marin,Trogemann,Marketing
99611,Breannda,Stasinski,Marketing
99688,Christophe,Noriega,Marketing
99716,Luerbio,Casperson,Marketing
100125,Kristinn,Benveniste,Marketing
100292,Takanari,Zambonelli,Marketing
100295,Huican,Schmiedel,Marketing
100568,Aral,Huhdanpaa,Marketing
100574,Lucien,Bennet,Marketing
100698,Gino,Atrawala,Marketing
100787,Ewing,Sury,Marketing
100884,Adamantios,Rousseau,Marketing
101002,Fei,Billawala,Marketing
101071,Perla,Leivant,Marketing
101098,Maya,Norsworthy,Marketing
101192,Shugo,Poujol,Marketing
101246,Saddek,Sommer,Marketing
101440,Aimee,McAffer,Marketing
101690,Dante,Lally,Marketing
101742,Tetsushi,Sessa,Marketing
101848,Jouko,Kolinko,Marketing
101919,Mantis,Schahn,Marketing
101934,Roselyn,Rosin,Marketing
102110,Mang,Christ,Marketing
102147,Kristen,Miyakawa,Marketing
102153,Danel,Lukaszewicz,Marketing
102228,Udaiprakash,Nannarelli,Marketing
102371,Chenxi,Chenoweth,Marketing
102427,Idoia,Rindone,Marketing
102912,Teiji,Khalil,Marketing
103164,Valeska,Chiola,Marketing
103176,Khue,Pelc,Marketing
103415,Heng,Cronin,Marketing
103558,Adel,Unni,Marketing
103607,Yannis,Roccetti,Marketing
103869,Shaunak,Pollock,Marketing
104163,Yishay,Ambroszkiewicz,Marketing
104480,Arif,Randt,Marketing
104510,Willard,Eppinger,Marketing
104592,Gift,Chinin,Marketing
104626,Patricio,Zaiane,Marketing
104767,Venkatesan,Hinsberger,Marketing
104819,Rildo,Granlund,Marketing
104911,Sanjai,Kruskal,Marketing
104993,Takahiro,Sluis,Marketing
105239,Bartek,Perl,Marketing
105319,Tru,Rebaine,Marketing
105396,Sajjan,Strehl,Marketing
105425,Minghong,Peir,Marketing
105682,Kerhong,Juneja,Marketing
105738,Qiwen,Jenevein,Marketing
105781,Billur,Rousseau,Marketing
105889,Constantino,Blokdijk,Marketing
105965,Djelloul,Kolvik,Marketing
106063,Florian,Baaz,Marketing
106133,Guadalupe,Heijenga,Marketing
106190,Rosalyn,Kobuchi,Marketing
106278,Chanjung,Nooteboom,Marketing
106319,Jayson,Azulay,Marketing
106320,Lein,Gils,Marketing
106417,Kwun,Clouatre,Marketing
106441,Erzsebet,Narahari,Marketing
106442,Mihalis,Yeung,Marketing
106447,Tadanori,Herber,Marketing
106451,Jiong,Tibblin,Marketing
106548,Nechama,Masada,Marketing
107145,Munehiko,Zielinski,Marketing
107329,Shigenori,Kavvadias,Marketing
107332,Dmitry,Emmart,Marketing
107744,Arno,Karner,Marketing
107746,Kish,Barbanera,Marketing
107747,Cathie,Erman,Marketing
107782,Gadiel,Rajala,Marketing
107924,Achilleas,Georgakopoulos,Marketing
107982,Tsuneo,Underwood,Marketing
108217,Mohan,Munoz,Marketing
108300,Arlette,Gyimothy,Marketing
108507,Marsja,Lund,Marketing
108624,Collette,Castellani,Marketing
108627,Kenroku,Harbusch,Marketing
108871,Terresa,Middleton,Marketing
109261,Marla,Undy,Marketing
109306,Isaac,Pietrzykowski,Marketing
109389,Kwun,Pramanik,Marketing
109470,Aram,Moffat,Marketing
109496,Mariusz,Esposito,Marketing
109528,Srinidhi,Kushnir,Marketing
109747,Tadahiko,Rullman,Marketing
109787,Shuho,Hebden,Marketing
109795,Francoise,Fujisaki,Marketing
109837,Qiwen,Kusakari,Marketing
109885,Mooi,Sessa,Marketing
109915,Abdelghani,Cannane,Marketing
200185,Fay,Standera,Marketing
200202,Maria,Radwan,Marketing
200212,Erez,Suomi,Marketing
200274,Heekeun,England,Marketing
200499,Rafail,Bultermann,Marketing
200512,Christophe,Engberts,Marketing
200605,Serenella,Rikino,Marketing
200776,Sigeru,Merlo,Marketing
201014,Geoff,Siprelle,Marketing
201194,Oksana,Mersereau,Marketing
201777,Wonhee,Perl,Marketing
202119,Adib,Passino,Marketing
202386,Nadjib,Marshall,Marketing
202423,Bikash,Veeraraghavan,Marketing
202575,Wuxu,Christ,Marketing
203000,Tooru,Ibel,Marketing
203131,Ulises,Suwa,Marketing
203187,Xinan,Orsini,Marketing
203247,Anoosh,Heiserman,Marketing
203309,Constantine,Tsukuda,Marketing
203319,Caolyn,Ramsay,Marketing
203346,Rildo,Liesche,Marketing
203385,Subhrajyoti,Maginnis,Marketing
203656,Chinhyun,Brodal,Marketing
203657,Georg,Pocchiola,Marketing
203688,Hairong,Polajnar,Marketing
203783,Luerbio,Bernini,Marketing
203933,Bowen,Fortenbacher,Marketing
203987,Apostol,Stanfel,Marketing
204029,Shaowen,Litzkow,Marketing
204157,Danel,Gomatam,Marketing
204187,Wayne,Simmel,Marketing
204526,Vojin,Kulisch,Marketing
204679,Masaru,Marchegay,Marketing
204913,Dines,Takanami,Marketing
205317,Percy,Milicic,Marketing
205700,Gay,Luit,Marketing
205723,Josyula,Crooks,Marketing
205728,Hatem,Marquardt,Marketing
205746,Laurentiu,Mitchem,Marketing
205749,Mikhail,Viele,Marketing
205796,Arne,DuCasse,Marketing
205850,Hiroyasu,Staudhammer,Marketing
206016,Suzette,Garrabrants,Marketing
206091,Zhaofang,Knightly,Marketing
206277,Candida,Toyoshima,Marketing
206416,Ronnie,Kopetz,Marketing
207162,Yucai,Kruskal,Marketing
207558,Rance,Itschner,Marketing
207587,Irena,Kitai,Marketing
207861,Idoia,Picht,Marketing
207960,Aron,Uludag,Marketing
208107,Bikash,Fargier,Marketing
208111,Volkmar,Rathonyi,Marketing
208269,Yuguang,Sury,Marketing
208842,Kien,Jansch,Marketing
209260,Maya,Ouhyoung,Marketing
209313,Naraig,Lupu,Marketing
209320,Candida,Piancastelli,Marketing
209356,Tesuro,Jansen,Marketing
209360,Duke,Stifter,Marketing
209394,Tristan,Sundgren,Marketing
209419,Vugranam,Kabayashi,Marketing
209436,Barton,Benaini,Marketing
209577,Shaz,Viele,Marketing
210182,Patricio,Junet,Marketing
210319,Mechthild,Roohalamini,Marketing
210568,Geraldo,Ertl,Marketing
210669,Kersti,Borovoy,Marketing
210731,Renee,Benantar,Marketing
210765,Yuguang,Leppanen,Marketing
210976,Khue,Kinley,Marketing
211009,Unal,Barriga,Marketing
211234,Taisook,Rousseau,Marketing
211376,Sandeepan,Eiter,Marketing
211494,Jasminko,Melichar,Marketing
211576,Gilbert,Oaver,Marketing
211680,Teunis,Millington,Marketing
212094,Alassane,Schmezko,Marketing
212113,Leucio,Miara,Marketing
212307,Leni,Kirkerud,Marketing
212309,Ayakannu,Steinauer,Marketing
212618,Haldun,Anido,Marketing
212821,Atreye,Vingron,Marketing
213083,Wonhee,Nishimukai,Marketing
213455,Chenye,Lorho,Marketing
213526,Fox,Srimani,Marketing
213647,Douadi,Sethi,Marketing
213906,Sven,Gerteisen,Marketing
213991,Miyeon,Erbe,Marketing
214033,Genevieve,Junet,Marketing
214078,Surveyors,Merli,Marketing
214364,Kwangho,Siksek,Marketing
214441,Padma,Sgarro,Marketing
214496,Gunilla,Halevi,Marketing
214560,Pradeep,Erez,Marketing
214591,Mohua,Luders,Marketing
214874,Hironoby,Ventosa,Marketing
215007,Georgy,Radwan,Marketing
215109,Irena,Matzke,Marketing
215179,Aleksander,Soicher,Marketing
215326,Danae,Furudate,Marketing
215345,Toshimori,Hertweck,Marketing
215371,Yahiko,Chinin,Marketing
215513,Sigeru,Litzkow,Marketing
215656,Shawna,Sankaranarayanan,Marketing
215713,Radhakrishnan,Engberts,Marketing
215848,Arnd,Chenoweth,Marketing
216301,Yannis,Kilgour,Marketing
216959,Shimshon,Reistad,Marketing
216965,Badri,Birke,Marketing
216984,Maya,Swen,Marketing
217125,Tuval,Maliniak,Marketing
217385,Sadun,Smailagic,Marketing
217451,Sanjoy,Giarratana,Marketing
217564,Marie,Schnabel,Marketing
217574,Roded,Gelosh,Marketing
218201,Harjit,Ashish,Marketing
218210,Kinh,Nitto,Marketing
218303,Oscal,Thorensen,Marketing
218619,Theirry,Unni,Marketing
218694,Giri,Honglei,Marketing
218731,Youjian,Diderrich,Marketing
218732,Odoardo,Suessmith,Marketing
218739,Dannz,Vadhan,Marketing
218763,Tesuro,Danecki,Marketing
218840,Insup,Bennis,Marketing
218924,Apostol,Hiraishi,Marketing
218927,Saddek,Jenevein,Marketing
219347,Barton,Butterworth,Marketing
219466,Hatem,Asmuth,Marketing
219544,Sungwon,Tzvieli,Marketing
219573,Sampalli,Walstra,Marketing
219839,Sugwoo,Swiler,Marketing
220202,Mats,Menhardt,Marketing
220359,Charmane,Peltason,Marketing
220488,Arvind,Weisert,Marketing
220795,Cedric,Holburn,Marketing
220925,Muneo,Piancastelli,Marketing
221172,DAIDA,Bugaenko,Marketing
221199,Sandeepan,Danlos,Marketing
221659,Hailing,Montemayor,Marketing
221758,Sivanarayana,Coullard,Marketing
222104,Alois,Liesche,Marketing
222111,Kazuhide,Honiden,Marketing
222147,Hitomi,Bernatsky,Marketing
222515,Miquel,Anger,Marketing
222598,Lokesh,Bade,Marketing
222621,Xudong,Melter,Marketing
222660,Moriyoshi,Swiss,Marketing
222667,Shigenori,Mattern,Marketing
222915,Teiji,McFarlan,Marketing
223299,Doowon,Bressoud,Marketing
223310,Jolita,Erdi,Marketing
223379,Nahum,Dehkordi,Marketing
223476,Carrsten,Avouris,Marketing
223581,Luise,Skrikant,Marketing
223619,Uwe,Orlowski,Marketing
223745,Jenwei,Jeansoulin,Marketing
223750,Shaibal,Dayana,Marketing
223779,Jianhao,Ghalwash,Marketing
224030,Atreyi,Sommen,Marketing
224035,Inderjeet,Picaronny,Marketing
224206,Bilhanan,Ciolek,Marketing
224294,Shmuel,Tyugu,Marketing
224356,Giri,Tischendorf,Marketing
224505,Shuji,Stanger,Marketing
224597,Dipayan,Genther,Marketing
224612,Marsha,Munck,Marketing
224785,Yaghout,Beetstra,Marketing
224818,Zhensheng,Rosis,Marketing
224824,Leaf,Zedlitz,Marketing
224885,Hercules,Matheson,Marketing
225017,Goh,Bruckman,Marketing
225030,Leszek,Spell,Marketing
225324,Quingbo,Oppitz,Marketing
225615,Zhonghui,Clouatre,Marketing
225661,Hairong,Baer,Marketing
225699,Jaewoo,Menhoudj,Marketing
225816,Bader,Jansen,Marketing
225885,Mingzeng,Simmel,Marketing
225941,Alenka,Angelopoulos,Marketing
226166,Selwyn,Mapelli,Marketing
226382,Moss,Khasidashvili,Marketing
226438,Subhada,Kambil,Marketing
226466,Atilio,Baek,Marketing
226568,Deniz,Frezza,Marketing
226587,Serap,Mitina,Marketing
226619,Masanao,Strandh,Marketing
226991,Maha,Schreiter,Marketing
227361,Kazuhito,Servieres,Marketing
227399,Gregory,Champarnaud,Marketing
227608,Christ,Stentiford,Marketing
227854,Zvonko,Ibel,Marketing
227864,Tuval,Soicher,Marketing
227892,George,Stille,Marketing
228071,Taegyun,Laurillard,Marketing
228152,Sailaja,Lung,Marketing
228227,Werner,Wendorf,Marketing
228246,Bartek,Aloisi,Marketing
228278,Sungwon,Douceur,Marketing
228411,Khaled,Hofstetter,Marketing
228861,KayLiang,Siksek,Marketing
228960,Eberhardt,Halevi,Marketing
229024,Holgard,Rajaraman,Marketing
229058,Barry,Zykh,Marketing
229061,Chinhyun,Lorho,Marketing
229155,Gino,Glowinski,Marketing
229163,Susuma,Wroclawski,Marketing
229367,Oscar,Katzenelson,Marketing
229423,Stafford,Murtafg,Marketing
229470,Teunis,Bala,Marketing
229761,Amalendu,Garnham,Marketing
229878,Guangming,Asser,Marketing
230008,Sajjan,Angelopoulos,Marketing
230321,Gunilla,Alencar,Marketing
230348,Yongmao,Awdeh,Marketing
230367,Susuma,Lubachevsky,Marketing
230378,Brigham,Babu,Marketing
230636,Tsz,Pusterhofer,Marketing
230716,Xinglin,Panangaden,Marketing
230822,Saeko,Rebaine,Marketing
230906,Qunsheng,Marchegay,Marketing
230939,Peternela,Matzen,Marketing
230946,Tamiya,Taubenfeld,Marketing
231036,Hyuncheol,Soloway,Marketing
231344,Ohad,Kalafatis,Marketing
231424,Dayanand,Fortenbacher,Marketing
231431,Anestis,Merle,Marketing
231499,Inderjeet,Perly,Marketing
231891,Yagil,Ranka,Marketing
232154,Kerhong,Steinauer,Marketing
232348,Thanasis,Bernick,Marketing
232381,Siddarth,Tempesti,Marketing
232437,Kasturi,Douceur,Marketing
232750,Fumitaka,Majewski,Marketing
233030,Abdulah,Businaro,Marketing
233048,Sailaja,Waterhouse,Marketing
233079,Genta,Stranks,Marketing
233099,Geraldo,Garigliano,Marketing
233212,Kazuhiro,Yurov,Marketing
233330,Shuji,Spelt,Marketing
233523,Shaowen,Lorcy,Marketing
233800,Stepehn,Vingron,Marketing
233878,Shigenori,Vanwelkenhuysen,Marketing
234014,Yuqun,Schoegge,Marketing
234054,Janche,Cronan,Marketing
234105,Bikash,Broder,Marketing
234208,Yucai,Horswill,Marketing
234252,Eirik,Kavraki,Marketing
234374,Hairong,Shackell,Marketing
234397,Tsz,Oskamp,Marketing
234452,Yifei,Schwabacher,Marketing
234782,Yuriy,Pehl,Marketing
234929,Tonia,Chepyzhov,Marketing
235019,Tooru,Peir,Marketing
235098,Christ,Murtha,Marketing
235180,Mototsugu,Bade,Marketing
235460,Inderjeet,Giarratana,Marketing
235645,Mona,Carrere,Marketing
236185,Waiman,Rosen,Marketing
236286,Kasturi,Sidou,Marketing
236331,Golgen,Pettit,Marketing
236555,Adamantios,Luga,Marketing
236764,Ibibia,Ulupinar,Marketing
237202,Hongzhu,Hettesheimer,Marketing
237337,Heekeun,Vuskovic,Marketing
237548,Khalil,Cappelletti,Marketing
237741,Jovan,Sankaranarayanan,Marketing
238056,Fumiyo,Vakili,Marketing
238290,Freyja,Awdeh,Marketing
238700,Arch,Hebden,Marketing
238717,Mario,Kumaresan,Marketing
238769,Freyja,Ducloy,Marketing
238935,Janalee,Jakobus,Marketing
239065,Akhilish,Braunmuhl,Marketing
239078,Szabolcs,Narwekar,Marketing
239087,Yishai,Birjandi,Marketing
239172,Yinghua,Picel,Marketing
239204,Sadegh,Cannard,Marketing
239205,Masasuke,Brizzi,Marketing
239598,Taiji,Rosch,Marketing
239653,Elrique,Emmart,Marketing
239721,Ramzi,Crouzet,Marketing
239832,Akhilish,Kakkar,Marketing
239912,Bartek,Litzler,Marketing
239921,Teiji,Siprelle,Marketing
239989,Tsvetan,Vakili,Marketing
240094,Maria,Daescu,Marketing
240134,Lidong,Mattern,Marketing
240382,Zengping,Egerstedt,Marketing
240499,Mitchel,Encarnacion,Marketing
240594,Uta,Sommen,Marketing
240826,Weidon,Paludetto,Marketing
240960,Hongzhu,Murtha,Marketing
241040,Duri,Siegrist,Marketing
241570,Tiina,Erde,Marketing
241842,Kokou,Staudhammer,Marketing
241880,Moty,Erev,Marketing
242546,Chuanyi,Kakkar,Marketing
242967,Susuma,Escriba,Marketing
243095,Irene,Ullian,Marketing
243184,Hilari,Zongker,Marketing
243340,Waiman,Covnot,Marketing
243378,Nirmal,Matzel,Marketing
243458,Leni,Zykh,Marketing
243537,Jingling,Pardalos,Marketing
243885,Kirk,Bernardeschi,Marketing
243932,Divier,Castellani,Marketing
244021,Sungwon,Taubenfeld,Marketing
244269,Eldridge,Lortz,Marketing
244283,Inderjeet,Manderick,Marketing
244286,Manohar,Pettit,Marketing
244338,Chuanti,Swick,Marketing
244709,Masato,Wendorf,Marketing
244896,Etsuo,Angiulli,Marketing
244921,Tru,Berendt,Marketing
245051,Taiji,Slaats,Marketing
245065,Ioana,Rosar,Marketing
245381,Krister,Cromarty,Marketing
245565,Basant,Yeung,Marketing
245567,Khaled,Anguita,Marketing
246039,Weicheng,Osgood,Marketing
246198,Aruna,Spataro,Marketing
246428,Kwangjo,Velasco,Marketing
246775,Jixiang,Kamber,Marketing
247206,Jordanka,Ishibashi,Marketing
247311,Pranay,Bolsens,Marketing
247323,Shaz,Godskesen,Marketing
247485,Mrinalini,Luby,Marketing
247971,Berni,Zweizig,Marketing
248130,Jacqueline,Bahr,Marketing
248277,Yinlin,Boyle,Marketing
248336,Amstein,Vitiello,Marketing
248437,Frederique,Porotnikoff,Marketing
248571,Jiakeng,Vesna,Marketing
248614,TRUE,Rodiger,Marketing
248669,Mansur,Perz,Marketing
248710,Fabrizio,Hockney,Marketing
248818,Yefim,Suomi,Marketing
248994,Heping,Picaronny,Marketing
249011,JoAnne,Fargier,Marketing
249159,Marjo,Dichev,Marketing
249276,Arra,Matheson,Marketing
249506,Alagu,Braunschweig,Marketing
249624,Morris,Brandsma,Marketing
249721,Nigel,McConalogue,Marketing
249763,Josyula,Feldmann,Marketing
250083,Zine,Matzel,Marketing
250418,Yannis,Cools,Marketing
250464,Florian,Gimbel,Marketing
250493,Woody,Aloisi,Marketing
250528,Abdulla,Barvinok,Marketing
250747,Tomofumi,Bahr,Marketing
250984,Mong,Uhrig,Marketing
251216,Nechama,Tsunoo,Marketing
251324,Yaghout,Schiettecatte,Marketing
251798,Urs,Oxenboll,Marketing
252378,Owen,Alvarado,Marketing
252391,Bezalel,Morton,Marketing
252514,Tsutomu,Kemmerer,Marketing
252666,Matt,Ramamoorthy,Marketing
252765,Jongsuk,Boreale,Marketing
252924,Kazuhisa,Bazzichi,Marketing
252939,Toshiki,Cullers,Marketing
252948,Danco,Krupka,Marketing
253042,Mariangiola,Matzke,Marketing
253105,Susanta,Nollmann,Marketing
253146,Gou,Pramanik,Marketing
253176,Basant,Giaccio,Marketing
253549,Tze,Benantar,Marketing
253579,Jeanna,Biron,Marketing
253714,Maria,Aseltine,Marketing
253827,Iara,Khasidashvili,Marketing
253851,Piyush,Smailagic,Marketing
254141,Tran,Tramer,Marketing
254237,Keung,Slaats,Marketing
254563,Boaz,Dulin,Marketing
254628,Gor,Chiola,Marketing
254823,Serif,Streit,Marketing
254838,Nevio,Schaft,Marketing
254880,Tran,Rassart,Marketing
254907,Zhensheng,Boyle,Marketing
255171,Chriss,Gist,Marketing
255225,Jiang,Irland,Marketing
255247,Taisook,Seghrouchni,Marketing
255467,Hugh,Geffroy,Marketing
255630,Kensei,Takkinen,Marketing
255773,Ingemar,Emden,Marketing
255914,Vivian,Hutton,Marketing
256137,Beshir,Kamble,Marketing
256149,Tonia,Hiltgen,Marketing
256189,Kellyn,Reghbati,Marketing
256299,Chikako,Middleton,Marketing
256407,Boaz,Mawatari,Marketing
256443,Lorien,Geffroy,Marketing
256494,Kitty,Champarnaud,Marketing
257103,Rildo,Fabrizio,Marketing
257269,Rimon,Collette,Marketing
257301,Zhenhua,Kampfer,Marketing
257311,Bernardo,Cooke,Marketing
257498,Taiji,Bharadwaj,Marketing
257992,Kazuhito,Besancenot,Marketing
258292,Bodo,Leivant,Marketing
258328,Peternela,Akiyama,Marketing
258357,Ranan,Danecki,Marketing
258451,Nahla,Menhardt,Marketing
258599,Xiaocheng,Veccia,Marketing
258996,Halsur,Boudaillier,Marketing
259116,Eckart,Lunt,Marketing
259126,Dines,Encarnacion,Marketing
259467,Marit,Majewski,Marketing
259541,Jaber,Alblas,Marketing
259553,Danai,Krychniak,Marketing
259846,Muneo,Parfitt,Marketing
259849,Odoardo,Prampolini,Marketing
260128,Willard,Yoshimura,Marketing
260325,Zorica,Lamma,Marketing
260342,Leaf,Peroz,Marketing
260420,Yurii,Senzako,Marketing
261017,Genta,Varker,Marketing
261159,Kokou,Janocha,Marketing
261172,Katsuyuki,Luit,Marketing
261383,Elliott,Manders,Marketing
261486,Bezalel,Schreiter,Marketing
261597,Shaunak,Prochazka,Marketing
261627,Mokhtar,Kemmerer,Marketing
261874,Elrique,Mandelberg,Marketing
261894,Nechama,Versino,Marketing
262003,Xuejia,Werthner,Marketing
262057,Dinah,Bojadziev,Marketing
262105,Heeju,Perly,Marketing
262625,Gopalakrishnan,Streit,Marketing
262709,Parto,Cmelik,Marketing
262844,Jovan,Capobianchi,Marketing
262902,Wayne,Guting,Marketing
262919,Naftali,Gist,Marketing
262993,Guttorm,Danley,Marketing
263124,Chinya,Bellmore,Marketing
263169,Kamakshi,Schaad,Marketing
263243,Amstein,Giveon,Marketing
263282,Siddarth,Kranzdorf,Marketing
263380,Haldon,Samarati,Marketing
263920,Pintsang,Gecsel,Marketing
263952,Vincent,Joslin,Marketing
264018,Djenana,Lorcy,Marketing
264194,Aral,Merey,Marketing
264207,Yinlin,Schwartzbauer,Marketing
264241,Shin,Chvatal,Marketing
264390,Abdelghani,Waeselynck,Marketing
264545,Mani,Panwar,Marketing
264587,Flemming,Herbst,Marketing
264667,Uwe,Mitsuhashi,Marketing
264786,Xinglin,Riefers,Marketing
264855,Slavian,Peres,Marketing
264929,Yuichiro,Esteva,Marketing
265068,Weidon,Bernardinello,Marketing
265124,Aemilian,Panienski,Marketing
265696,Fayez,Jiang,Marketing
265742,Rosella,Makrucki,Marketing
265984,Taegyun,Kenevan,Marketing
265985,Christ,Picaronny,Marketing
266017,Gift,Spelt,Marketing
266147,Lalit,Krichel,Marketing
266161,Gita,Mansanne,Marketing
266333,Moss,Oppitz,Marketing
266476,Sastry,Rodiger,Marketing
266735,Adamantios,Thambidurai,Marketing
266821,Akeno,Cooke,Marketing
266847,Noritoshi,Servieres,Marketing
267170,Tzu,Cheshire,Marketing
267198,Przemyslawa,Casperson,Marketing
267280,Josyula,Fraisse,Marketing
267841,Shaw,Magalhaes,Marketing
267952,Boriana,Fandrianto,Marketing
268055,Shahid,Kornyak,Marketing
268075,Jongsuk,Harllee,Marketing
268179,Lansing,Ratnaker,Marketing
268256,Marla,Gire,Marketing
268501,Xiadong,Ariola,Marketing
268527,Muzhong,Zucker,Marketing
268596,Matk,Demian,Marketing
268659,Pradeep,Weedon,Marketing
268678,Xiaoqiang,Tsukune,Marketing
268761,Zhanqiu,Buescher,Marketing
268815,Syozo,Merey,Marketing
268965,Kiyomitsu,Attimonelli,Marketing
269330,Mooi,Lichtner,Marketing
269453,Yishai,Chaudhuri,Marketing
269581,Tonny,Hasenauer,Marketing
269583,Mori,Mattern,Marketing
269662,Shih,Benantar,Marketing
269705,Kensyu,Soloway,Marketing
269873,Hidekazu,Danner,Marketing
269911,Yakichi,Lienhardt,Marketing
269913,Alain,Jervis,Marketing
270026,Moss,Ghalwash,Marketing
270486,Randy,Schwabacher,Marketing
270810,Gonzalo,Braccini,Marketing
270842,Masasuke,Birke,Marketing
271016,Mihalis,Morton,Marketing
271033,Anyuan,Sidou,Marketing
271040,Chirstian,Sidou,Marketing
271135,Chinho,Brattka,Marketing
271145,Stella,Shackel,Marketing
271234,Naftali,Gluchowski,Marketing
271403,Baocai,Kuzuoka,Marketing
271453,Shalesh,Gadepally,Marketing
271704,Vivian,Gente,Marketing
271760,Tzu,Yavatkar,Marketing
271847,Valdiodio,Takanami,Marketing
272225,Martijn,Millington,Marketing
272615,Debatosh,Heyers,Marketing
272825,Kensyu,Bahl,Marketing
273136,Itzchak,Sidje,Marketing
273663,Bartek,Ananiadou,Marketing
273792,Berna,McClurg,Marketing
273925,Bilhanan,Cheshire,Marketing
274106,Leon,Herber,Marketing
274239,Juyoung,Borovoy,Marketing
274251,Heon,Kadhim,Marketing
274772,Palash,Busillo,Marketing
275308,Samphel,Chinin,Marketing
275347,Parke,Spinelli,Marketing
275435,Fumiya,Gluchowski,Marketing
275692,Arfst,Soloway,Marketing
275707,Junsik,Skrikant,Marketing
276143,Vishv,Hedayat,Marketing
276258,Ulf,Denis,Marketing
276293,Munehiko,Covnot,Marketing
276627,Dzung,Tempesti,Marketing
276733,Sungwon,Schonegge,Marketing
276739,Nevio,Birta,Marketing
276764,Xiaoheng,Emmart,Marketing
276876,Anoosh,Quittner,Marketing
276947,Dinkar,Yoshizawa,Marketing
276950,Berthier,Sewelson,Marketing
276972,Cordelia,Butner,Marketing
277019,Toshimi,Cherinka,Marketing
277166,Yuchang,Poehlman,Marketing
277308,Patricio,Matzat,Marketing
277334,Xianlong,Oppitz,Marketing
277472,Bernd,Lung,Marketing
278024,Guangming,Sridhar,Marketing
278095,Nagui,Merel,Marketing
278126,Zdislav,Greibach,Marketing
278177,Moni,Percebois,Marketing
278194,Mototsugu,Murillo,Marketing
278237,Ewing,Azuma,Marketing
278343,Pohua,Plumb,Marketing
278396,Xianlong,Marakhovsky,Marketing
278422,Peer,Zeleznik,Marketing
278523,Berni,Back,Marketing
278703,Irena,Kitai,Marketing
278958,Wayne,Peck,Marketing
279134,Manu,Lorch,Marketing
279249,Alagu,Litecky,Marketing
279397,Elvis,Karcich,Marketing
279507,Masato,Desikan,Marketing
279541,Tsutomu,Felder,Marketing
279673,Xiaopeng,Leppanen,Marketing
279691,Peternela,Lindenbaum,Marketing
279732,Sedat,Imataki,Marketing
279762,Rildo,Bael,Marketing
280025,Kazunori,Bernardeschi,Marketing
280066,Kazuyasu,Sanella,Marketing
280216,Lene,McDermid,Marketing
280236,Sadegh,Vingron,Marketing
280929,Khue,Peot,Marketing
281118,Munir,Leaver,Marketing
281137,Vugranam,Luca,Marketing
281268,Yinlin,Assaf,Marketing
281413,Kersti,Monarch,Marketing
281462,Katsuo,Shiratori,Marketing
282023,Piyush,Trogemann,Marketing
282079,Bogdan,Nitsche,Marketing
282084,Gil,Chinen,Marketing
282204,Ulises,Schneeberger,Marketing
282290,Otmar,Ozeki,Marketing
282504,Harngdar,Pavlopoulou,Marketing
282531,Marko,Laventhal,Marketing
282552,Yakkov,Koshino,Marketing
282683,Danny,Biran,Marketing
282764,Marjo,Tokunaga,Marketing
282776,Kenroku,Angelopoulos,Marketing
282841,Alejandra,Schwabacher,Marketing
283070,Mark,Radivojevic,Marketing
283227,Nagui,Sullins,Marketing
283230,Radhia,Krupka,Marketing
283303,Domenick,Baez,Marketing
283409,Khalid,Pramanik,Marketing
283442,Mohit,Cincotta,Marketing
283698,Frazer,Delgrossi,Marketing
283768,Mayuri,Boreale,Marketing
283854,Richara,Aloisi,Marketing
284203,Subhankar,Weisert,Marketing
284386,Kinh,Slobodova,Marketing
284457,Eric,Luders,Marketing
284474,Mona,Petersohn,Marketing
284602,Bojan,Champarnaud,Marketing
284748,Jayson,Ozeki,Marketing
284910,Uwe,Streng,Marketing
285158,Manton,Feldhoffer,Marketing
285193,Ayakannu,Luga,Marketing
285243,Lakshmi,Vieth,Marketing
285623,Kenroku,Haraldson,Marketing
285627,Dzung,Foong,Marketing
285728,Charlene,Papastamatiou,Marketing
285781,Hein,Picaronny,Marketing
285789,Uli,Welham,Marketing
286171,Zhensheng,Hettesheimer,Marketing
286195,Karlis,Hofting,Marketing
286502,Margo,Barbanera,Marketing
286532,Paris,Codenie,Marketing
286635,Ger,Serna,Marketing
286811,Radhia,Porenta,Marketing
287076,Almudena,Harnett,Marketing
287131,Vasiliy,Ghazalie,Marketing
287213,Geraldo,Mellouli,Marketing
287231,Yifei,Shiratori,Marketing
287519,Shunichi,Marciano,Marketing
287556,Sachar,Furedi,Marketing
287711,Amabile,Jansch,Marketing
287838,Sailaja,Lanteri,Marketing
287845,Vojin,Farrar,Marketing
288099,Xiaoqiu,Huttel,Marketing
288552,Xianlong,Swist,Marketing
288585,Pragnesh,Veccia,Marketing
288790,Cristinel,Puppo,Marketing
288807,Houman,Yamaashi,Marketing
288899,Shawna,Quadeer,Marketing
288992,Gregory,Granlund,Marketing
289796,Arto,Piazza,Marketing
289896,Elrique,Lanphier,Marketing
290226,Satosi,Montemayor,Marketing
290329,Branimir,Luks,Marketing
290337,Jaroslava,Soicher,Marketing
290510,Oksana,Barbanera,Marketing
290615,Niteen,Czaja,Marketing
290759,Sadok,Laventhal,Marketing
290857,Zeljko,Garigliano,Marketing
291156,Aron,Rikino,Marketing
291217,Zhilian,Fortenbacher,Marketing
291325,Arno,Speckmann,Marketing
291333,Moie,Zumaque,Marketing
291480,Kish,Fabrizio,Marketing
291809,Kayoko,Birge,Marketing
291925,Yannis,Ginneken,Marketing
292023,Demos,Rullman,Marketing
292212,Doowon,Improta,Marketing
292290,Qunsheng,Heyers,Marketing
292466,Panayotis,Pashtan,Marketing
292576,Kiam,Ulupinar,Marketing
292600,Margo,Schlumberger,Marketing
292840,Jianhua,Rehfuss,Marketing
292974,Jinpo,Sgarro,Marketing
293048,Berhard,Simmen,Marketing
293351,Marjo,Desikan,Marketing
293353,Zhanqiu,Barreiro,Marketing
293479,Shigeo,Kriebel,Marketing
293632,Arnould,Kenevan,Marketing
293666,Bokyung,Birjandi,Marketing
293890,Kazuhiro,Klerer,Marketing
294502,Reinhard,Suppi,Marketing
294548,Rosita,Eiron,Marketing
294563,Jeane,Fioravanti,Marketing
294692,Marie,Lakshmanan,Marketing
294865,Adhemar,Dalphin,Marketing
294895,Vasilii,Scallan,Marketing
294921,Conal,Riefers,Marketing
294937,Gennadi,Raczkowsky,Marketing
294949,Szabolcs,Danecki,Marketing
295027,Zeljko,Karner,Marketing
295062,Naraig,Asser,Marketing
295263,Utz,McFarlan,Marketing
295427,Toshimori,Hainaut,Marketing
295475,Shaunak,Sudkamp,Marketing
295481,Subbu,Tanemo,Marketing
295692,Fumitaka,Birnbaum,Marketing
295795,Tomofumi,Budinsky,Marketing
295821,Bernice,Brobst,Marketing
295874,Gina,Pocchiola,Marketing
295881,Jaihie,Standera,Marketing
295943,Jackson,Merkl,Marketing
296120,Richara,Slaats,Marketing
296167,Weijing,Denis,Marketing
296336,Moty,Heuser,Marketing
296387,Yuguang,Riexinger,Marketing
296436,Shigeo,Butner,Marketing
296605,Karlis,Tischendorf,Marketing
296763,Aran,Brookman,Marketing
296797,Pranav,Heijenga,Marketing
296800,Remmert,Haraldson,Marketing
297026,Niranjan,Schaar,Marketing
297218,Teruyuki,Alameldin,Marketing
297273,Tokuyasu,Frolund,Marketing
297410,Danel,Setlzner,Marketing
297536,Gao,Debuse,Marketing
297656,Boaz,Tchuente,Marketing
297706,Hatsukazu,Parfitt,Marketing
297809,Theirry,Hatcliff,Marketing
297956,Ewing,Sichman,Marketing
298147,Kerryn,Constantine,Marketing
298556,Zhenbing,Marletta,Marketing
298616,Kenton,Pettit,Marketing
298714,Fatemeh,Potthoff,Marketing
299034,Chenxi,Aingworth,Marketing
299168,Frederique,Osgood,Marketing
299292,Tze,Beausoleil,Marketing
299313,Shuzo,Sadowski,Marketing
299405,Werner,Acton,Marketing
299658,Jaber,Schiper,Marketing
299785,Inderjeet,Conte,Marketing
400006,Munenori,Nivat,Marketing
400104,Nigel,Gewali,Marketing
400202,Gao,Peot,Marketing
400339,Shaibal,Varley,Marketing
400484,JoAnne,Beausoleil,Marketing
400559,Poornachandra,Schnelling,Marketing
400764,Shay,Melton,Marketing
400872,Oguz,Lueh,Marketing
400984,Valdiodio,Swift,Marketing
401129,Poorav,Speckmann,Marketing
401139,Udo,Masada,Marketing
401621,Karsten,Litzkow,Marketing
401828,Anoosh,Quittner,Marketing
402197,Tommaso,Chappelet,Marketing
402231,Shim,Klerer,Marketing
402375,Rasikan,Beeson,Marketing
402956,Perla,Maliniak,Marketing
403052,Tsz,Boyle,Marketing
403055,Paloma,Crelier,Marketing
403285,Geoff,Alameldin,Marketing
403416,Subhada,Salverda,Marketing
403471,Foong,Sudbeck,Marketing
403724,Gita,Buchter,Marketing
403918,Fox,Molenkamp,Marketing
404085,Moie,Aingworth,Marketing
404327,Nitsan,Ritcey,Marketing
404506,Tesuro,Gips,Marketing
404781,Arunachalam,Laurillard,Marketing
404890,Snehasis,Schreiter,Marketing
404952,Suzette,Goldhammer,Marketing
405068,Shounak,Siksek,Marketing
405141,Mahendra,Tokunaga,Marketing
405198,Sahrah,Bahr,Marketing
405403,Vojin,Pusterhofer,Marketing
405410,Aram,Picco,Marketing
405660,Phuoc,Erva,Marketing
405709,Zvonko,Eugenio,Marketing
405712,Iara,Munke,Marketing
405725,Gennady,Templeman,Marketing
405758,Shichao,Manders,Marketing
405888,Leucio,Alpay,Marketing
405892,Tamiya,Cullers,Marketing
406233,Marie,Pettit,Marketing
406315,Aruna,Gluchowski,Marketing
406350,Susumu,Luon,Marketing
406454,Dhritiman,Melter,Marketing
406736,Sadun,Erman,Marketing
406950,Adas,Heering,Marketing
407071,Cordelia,Matheson,Marketing
407073,Rasikan,Pelc,Marketing
407233,Chenye,Basagni,Marketing
407274,Alejandra,Merel,Marketing
407437,Mabo,Farrag,Marketing
407504,Shigehiro,Levasseur,Marketing
407648,Neelam,Reinhard,Marketing
407810,Guozhong,Nastansky,Marketing
407823,Shietung,Kornatzky,Marketing
407906,Fatemeh,Androutsos,Marketing
408064,Kerryn,Kinley,Marketing
408128,Berna,Puppe,Marketing
408205,Hongzhu,Goldhammer,Marketing
408272,Stabislas,Lanzelotte,Marketing
408488,Navin,Edelhoff,Marketing
408577,Ibibia,Schwabacher,Marketing
408644,Jaideep,Otillio,Marketing
408736,Junsik,Poehlman,Marketing
408814,Utz,Kropp,Marketing
408942,Martine,Brizzi,Marketing
408956,Claudi,Zlotek,Marketing
408968,Mabhin,Isard,Marketing
409342,Kristian,Unni,Marketing
409399,Make,Auria,Marketing
409517,Atilio,Nilsson,Marketing
409620,Pascal,Auyong,Marketing
409649,Heon,Kugler,Marketing
409742,Constantijn,Aseltine,Marketing
409781,Luisa,Ariola,Marketing
409875,Suebskul,Raney,Marketing
409880,Tesuya,Kavraki,Marketing
409942,Izaskun,Navazio,Marketing
410248,Maria,Keustermans,Marketing
410360,Aral,Veeraraghavan,Marketing
410392,Troy,Karner,Marketing
410594,Yannik,Stille,Marketing
410660,Chinhyun,Rusmann,Marketing
410685,Sreekrishna,Beetstra,Marketing
410720,Akeno,Pargas,Marketing
410938,Kensyu,Borstler,Marketing
410966,Juichirou,Cooman,Marketing
411195,Xinan,Hertweck,Marketing
411238,Yolla,Grandbois,Marketing
411378,Remco,Berztiss,Marketing
411587,Spyrose,Kambil,Marketing
411734,Tse,Krychniak,Marketing
411869,Serenella,Sherertz,Marketing
412195,Honglan,Cappelletti,Marketing
412520,Moon,Thiran,Marketing
412660,Leandro,Peral,Marketing
413266,Gonzalo,Baar,Marketing
413337,Moty,Schaft,Marketing
413574,Yurij,Kampfer,Marketing
413836,Hironobu,Collette,Marketing
413916,Freyja,Luks,Marketing
413966,Weiwu,Demian,Marketing
414044,Padma,Pillow,Marketing
414142,Xinglin,Chenney,Marketing
414355,Subhankar,Przulj,Marketing
414486,Chinya,Jayawardene,Marketing
414666,Fai,Alpay,Marketing
414693,Richard,Shobatake,Marketing
414780,Xiaobin,Strehl,Marketing
415423,Murthy,Sethi,Marketing
415726,Mingdong,Spelt,Marketing
415749,Ravishankar,Nittel,Marketing
415807,Adamantios,Encarnacion,Marketing
415818,Aron,Rando,Marketing
415899,Valery,Michaeli,Marketing
416001,Zeljko,Leonhardt,Marketing
416031,Bezalel,Chinal,Marketing
416072,Sungwon,Bednarek,Marketing
416076,Kenton,Junet,Marketing
416610,Almudena,Liedekerke,Marketing
416688,Atilio,Gornas,Marketing
416864,Chiradeep,Shiratori,Marketing
417063,Menkae,Perna,Marketing
417064,Gill,Narlikar,Marketing
417237,Deniz,Menyhert,Marketing
417338,Huican,Staelin,Marketing
417381,Paddy,Beausoleil,Marketing
417384,Mansur,Valtorta,Marketing
417697,Katsuo,Whitcomb,Marketing
417966,Tristan,Msuda,Marketing
418052,Munenori,Busillo,Marketing
418075,Mayuko,Moffat,Marketing
418130,Toshimitsu,Verhoeff,Marketing
418379,Reinhold,Ducloy,Marketing
418491,Aram,Constantine,Marketing
418504,Candida,Alvarado,Marketing
418914,Shahar,Hashii,Marketing
418939,Arch,Dehkordi,Marketing
419000,Subhada,Sluis,Marketing
419423,Gian,Range,Marketing
419469,Subhankar,Angot,Marketing
419486,Gift,Bolsens,Marketing
419543,Abdelghani,Nitsch,Marketing
419783,Kwun,Puppo,Marketing
419898,Zhanqiu,Merkl,Marketing
419903,Conor,Merro,Marketing
419968,Margareta,Strehl,Marketing
420030,Arun,Vidal,Marketing
420362,Uinam,Cooley,Marketing
420390,Mostafa,Pillow,Marketing
420617,Xiahua,Gilg,Marketing
420801,Khosrow,Speek,Marketing
420839,Randi,Levergood,Marketing
420899,Ortrud,Kitsuregawa,Marketing
421011,Masamitsu,Thorelli,Marketing
421222,Atreyi,Cappello,Marketing
421243,Renny,Neimat,Marketing
421337,Mabo,Kavraki,Marketing
421948,Marl,Chorvat,Marketing
422244,Leon,Zeilberger,Marketing
422514,Dharmaraja,Mitzlaff,Marketing
422736,Clyde,Bugaenko,Marketing
422896,Kristin,Kulisch,Marketing
423373,Golgen,Schwartzburd,Marketing
423579,Gopalakrishnan,Etalle,Marketing
424084,Demin,Suwa,Marketing
424157,Fumiyo,Felder,Marketing
424224,Arunachalam,Plumb,Marketing
424464,Jianhua,Deverell,Marketing
424591,Abdelwaheb,Yeung,Marketing
424892,Ingmar,Farrow,Marketing
424961,Yaghout,Morris,Marketing
425291,Basil,Schusler,Marketing
425337,Taiji,Kusakabe,Marketing
425413,Nigel,Mungall,Marketing
425415,Arra,Pietrzykowski,Marketing
425482,Jongsuk,Cunliffe,Marketing
425547,Remko,Hasham,Marketing
425608,Krisda,Ratnakar,Marketing
425821,Vidar,Narwekar,Marketing
426119,Karsten,Herbst,Marketing
426141,Kiyotoshi,Rettelbach,Marketing
426256,Gregory,Binkley,Marketing
426321,Dines,Ventosa,Marketing
426446,Weijing,Lung,Marketing
426669,Arup,Blokdijk,Marketing
426739,Chandrasekaran,Sigstam,Marketing
427000,Hercules,Kaltofen,Marketing
427157,Faiza,Werthner,Marketing
427262,Dekang,Birge,Marketing
427298,Saniya,Serra,Marketing
427381,Lena,Pepe,Marketing
428005,Torsten,Byoun,Marketing
428073,Lech,Improta,Marketing
428080,Moon,Nilsson,Marketing
428207,Taizo,Beausoleil,Marketing
428416,Narain,Murtha,Marketing
428506,Qiwen,Conte,Marketing
428858,Tua,Lieblein,Marketing
428921,Conal,Gien,Marketing
429020,Zorica,Iisaka,Marketing
429056,Eirik,Gils,Marketing
429479,Miomir,Tetzlaff,Marketing
429601,Stafford,Driscoll,Marketing
429801,Nahla,Angot,Marketing
430179,Neelam,Serna,Marketing
430202,Gopalakrishnan,Pusterhofer,Marketing
430360,Bokyung,Bardell,Marketing
430459,Ziya,Roison,Marketing
430677,Phuoc,Kaelbling,Marketing
430759,Fumiko,Buchter,Marketing
430841,Wanqing,Menyhert,Marketing
431022,Randy,Improta,Marketing
431035,Mitchel,Servieres,Marketing
431145,Kristinn,Kavanagh,Marketing
431281,Sukumar,Guerreiro,Marketing
431292,Uli,Schaaf,Marketing
431442,Murthy,Baez,Marketing
431515,Udaiprakash,Whittlesey,Marketing
431518,Jovan,Mateescu,Marketing
431614,Piyawadee,Undy,Marketing
431760,Horward,Falster,Marketing
431769,Abdulla,Benaini,Marketing
431901,Shahid,Kandlur,Marketing
432141,Marsha,Hebert,Marketing
432538,Isaac,Matzat,Marketing
432550,Sailaja,Streng,Marketing
432880,Shalesh,Masand,Marketing
433251,Yuriy,Fiutem,Marketing
433460,Carrsten,Halevi,Marketing
433670,Mohamadou,Bresenham,Marketing
433679,Serenella,Katzenelson,Marketing
433723,Goh,Taneja,Marketing
433759,Ugo,Preusig,Marketing
433764,Conrado,Zolotykh,Marketing
433900,Salvador,Varley,Marketing
433955,Niteen,Daescu,Marketing
433973,Behnaam,Speek,Marketing
434038,Chirstian,Kaiserswerth,Marketing
434202,Lenore,Unno,Marketing
434339,Danae,Lorch,Marketing
434431,Berto,Hiroyama,Marketing
434456,Maha,Picci,Marketing
434558,Shichao,Harllee,Marketing
435277,Sadegh,Prochazka,Marketing
435326,Subir,Bonifati,Marketing
435350,Abdulla,Debuse,Marketing
435354,Bowen,Bashian,Marketing
435836,Basil,Delgrande,Marketing
436008,Jordanka,Hasenauer,Marketing
436077,Mabo,Macedo,Marketing
436126,Janalee,Baek,Marketing
436302,Ymte,Schurmann,Marketing
436457,Wilmer,Deville,Marketing
436467,Rafael,Edelhoff,Marketing
436498,Nathalie,Falco,Marketing
436698,Emdad,McClurg,Marketing
436705,Margareta,Spataro,Marketing
437250,Zengping,Ratzlaff,Marketing
437426,Lillian,Lenart,Marketing
437442,Muzhong,Delaune,Marketing
437471,Zijian,Plesums,Marketing
437494,Atilio,Usdin,Marketing
437712,Domenick,Angelopoulos,Marketing
437808,Nirmal,Yemenis,Marketing
438055,Jamaludin,Thorelli,Marketing
438207,Elvis,Adachi,Marketing
438296,Sajjad,Gist,Marketing
438408,Sadegh,Genther,Marketing
438552,Perry,Kavvadias,Marketing
439018,Gay,Scharstein,Marketing
439097,Jouko,Birsak,Marketing
439175,Tomoyuki,Sifakis,Marketing
439412,Baruch,Peyn,Marketing
439420,Xuedong,Dalton,Marketing
439501,Oscar,Falco,Marketing
439948,Toshimitsu,Hatcliff,Marketing
440086,Hideyuki,Dulli,Marketing
440136,Bowen,Jenevein,Marketing
440814,Uzi,Taneja,Marketing
441229,Nobuyoshi,Rosis,Marketing
441352,Christoper,Menyhert,Marketing
441429,Ewing,Akaboshi,Marketing
441911,Susuma,Zweizig,Marketing
442114,Ibibia,Mandell,Marketing
442450,Shaleah,Bugaenko,Marketing
442542,Mang,Thiran,Marketing
443156,Hinrich,Wixon,Marketing
443206,Marco,Oppitz,Marketing
443325,Rasiah,Stanger,Marketing
443390,Arfst,Marwedel,Marketing
443617,Hercules,Molberg,Marketing
443747,Sorina,Genther,Marketing
443878,Oksana,Sifakis,Marketing
443909,Fumiya,Detkin,Marketing
443986,Munenori,Tischendorf,Marketing
443996,JiYoung,Suomi,Marketing
444054,Prodip,Godskesen,Marketing
444151,Nahum,Avouris,Marketing
444183,Divier,Provine,Marketing
444286,Kien,Lamba,Marketing
444370,Masanao,Genin,Marketing
444621,Persi,Hardjono,Marketing
444707,Brewster,Huhdanpaa,Marketing
445085,Chenxi,Chorvat,Marketing
445139,Yahiko,Oskamp,Marketing
445366,Raimond,Panienski,Marketing
445463,Gopalakrishnan,Perna,Marketing
445524,Djelloul,Radivojevic,Marketing
445614,Xudong,Riexinger,Marketing
445703,Badri,Murtha,Marketing
445931,Amabile,Falster,Marketing
446087,Samphel,Farris,Marketing
446276,Becky,Stroustrup,Marketing
446370,Bedrich,Sewelson,Marketing
446448,Lobel,Gulla,Marketing
446558,Weiyi,Braunschweig,Marketing
446727,Unal,Merks,Marketing
446735,Taizo,Tiemann,Marketing
446788,Peer,Chaudhury,Marketing
446905,Oscal,Cools,Marketing
447149,Teiji,Eppinger,Marketing
447274,Hongzhu,Journel,Marketing
447701,Lucien,Etalle,Marketing
448131,Aloys,Akaboshi,Marketing
448287,Neven,Wynblatt,Marketing
448692,Sukumar,Weisert,Marketing
448762,Hirochika,Lakshmanan,Marketing
449339,Parke,Speer,Marketing
449436,Hitofumi,Paciorek,Marketing
449596,Shigeu,Ernst,Marketing
449641,Chiranjit,Demizu,Marketing
449675,Ottavia,Frezza,Marketing
449692,Idoia,Vidya,Marketing
449965,Gaetan,Gilg,Marketing
450125,Zongyan,Kossowski,Marketing
450208,Rosalie,Leijenhorst,Marketing
450524,Pantung,Naumovich,Marketing
450623,Mostafa,Schiper,Marketing
451199,Masanao,Fraisse,Marketing
451251,Anneli,Itschner,Marketing
451422,Ranga,Mundy,Marketing
451441,Sahrah,Rijckaert,Marketing
451487,Shunichi,Iivonen,Marketing
451595,Kersti,Przulj,Marketing
451606,Tesuro,Rosenbaum,Marketing
451818,Faiza,Cincotta,Marketing
451870,Parviz,Improta,Marketing
451952,Ortrud,Spelt,Marketing
452021,Karoline,Kobuchi,Marketing
452045,Narain,Rissanen,Marketing
452065,Odinaldo,Billingsley,Marketing
452141,Herbert,Slaats,Marketing
452221,Xinyu,Hainaut,Marketing
452409,Jaihie,Szmurlo,Marketing
452565,Shan,Kuszyk,Marketing
452629,Holgard,Rouquie,Marketing
452666,Danai,Percebois,Marketing
452800,Florina,Cromarty,Marketing
452997,Jayson,Kilgour,Marketing
453133,Mani,Terekhov,Marketing
453151,Yuping,Rosiles,Marketing
453220,Munehiko,Waleschkowski,Marketing
453355,Valeri,Unno,Marketing
453658,Gao,Thorelli,Marketing
453698,Waiman,Garnier,Marketing
453766,Vatsa,Begiun,Marketing
453928,Constantino,Underwood,Marketing
453956,Salvador,Heystek,Marketing
454108,Kenton,Panienski,Marketing
454248,Wuxu,Gornas,Marketing
454598,Uinam,Ramsay,Marketing
454729,Parto,Gulak,Marketing
454816,Mari,Pavlopoulou,Marketing
454906,Subbu,Cannard,Marketing
454912,Roded,Hatcliff,Marketing
455165,Snehasis,Pargas,Marketing
455318,Houman,Schaaf,Marketing
455490,Sanjiv,Wielonsky,Marketing
455630,Jiong,Muchinsky,Marketing
455648,Shuzo,Munawer,Marketing
455757,Valeri,Serot,Marketing
455840,Naraig,Aumann,Marketing
455987,Susanta,Erol,Marketing
455991,Luisa,Ghelli,Marketing
456100,Monique,Lalonde,Marketing
456144,Naraig,Hennings,Marketing
456326,Huican,Stentiford,Marketing
456367,Yishai,Kleiser,Marketing
456487,Jouko,Dechter,Marketing
456677,Kien,Lieblein,Marketing
456719,Basem,Shumilov,Marketing
456745,Yishai,Ishibashi,Marketing
456783,Shaunak,Furudate,Marketing
456831,Houman,Brattka,Marketing
456876,Jinya,Puoti,Marketing
457240,Masali,Kitsuregawa,Marketing
457248,Anyuan,Camurati,Marketing
457372,Byong,Pettit,Marketing
457584,Sandeepan,Teitelbaum,Marketing
457612,Nimmagadda,Delaune,Marketing
457674,Niranjan,Lindenbaum,Marketing
457701,Sibyl,Miara,Marketing
457995,Byong,Hiraishi,Marketing
458063,Krassimir,Piazza,Marketing
458252,Aimee,Lorys,Marketing
458756,Jagoda,Georg,Marketing
458766,Xiong,Benzmuller,Marketing
458768,Rosella,Danner,Marketing
458904,Yuichiro,Ariola,Marketing
459075,Barry,Chinen,Marketing
459339,Khalil,Henseler,Marketing
459483,Shmuel,Docker,Marketing
459635,Valeri,Gaughan,Marketing
459636,DAIDA,Bardell,Marketing
459747,Shigeichiro,Stille,Marketing
459750,Danai,Ernst,Marketing
460114,Sailaja,Perna,Marketing
460205,Masaru,Minakawa,Marketing
460238,Yucai,Akiyama,Marketing
460296,Janalee,Kinley,Marketing
460302,Valeri,Bakhtari,Marketing
460307,Tsuneo,Carrera,Marketing
460346,Stafford,Dalphin,Marketing
460473,Gregory,Aingworth,Marketing
460549,Boriana,Pillow,Marketing
460716,Shridhar,Birjandi,Marketing
460951,Diederik,Worfolk,Marketing
461328,Mohit,McAffer,Marketing
461347,Hisao,Chepyzhov,Marketing
461531,Kenton,Speek,Marketing
461958,Mohit,Slobodova,Marketing
461997,Fumitake,Hempstead,Marketing
462038,Gianluca,Angot,Marketing
462073,Alassane,Plump,Marketing
462286,Pintsang,Anger,Marketing
462332,Yechezkel,Jenevein,Marketing
462518,Ishfaq,Stavenow,Marketing
462690,Shaunak,Hettesheimer,Marketing
462767,Uri,Ranai,Marketing
462872,Shahaf,Zirintsis,Marketing
462982,Kankanahalli,Mundy,Marketing
463286,Kwangho,Avouris,Marketing
463360,Ung,Benantar,Marketing
463661,Minghong,Janocha,Marketing
463781,Val,Heystek,Marketing
463825,Gao,Coombs,Marketing
463973,Christ,Bierbaum,Marketing
464089,Fox,Sommer,Marketing
464504,Weiwu,Shrader,Marketing
464708,Taizo,Bierman,Marketing
464730,Susanna,Halloran,Marketing
464839,Youjian,Marshall,Marketing
464913,Shaunak,McDermid,Marketing
464942,Shiv,Alpin,Marketing
465268,Changho,Laventhal,Marketing
465319,Pradeep,Caine,Marketing
465558,Zengping,Kolinko,Marketing
465663,Anoosh,Llado,Marketing
465681,Stevo,Peral,Marketing
466051,Keiichiro,Giaccio,Marketing
466063,Heon,Wendorf,Marketing
466186,Alenka,Redmiles,Marketing
466572,Babette,Coullard,Marketing
466635,Harngdar,Nations,Marketing
466662,Bojan,Buescher,Marketing
466753,Stevo,Kushner,Marketing
466755,Zhongwei,Gill,Marketing
466878,Zine,Chenoweth,Marketing
467134,Xuedong,Wendorf,Marketing
467292,Ioana,Byoun,Marketing
467629,Kristof,Solares,Marketing
467760,Taiji,Pocchiola,Marketing
468100,Guoxiang,Lambe,Marketing
468239,Amabile,Onuegbe,Marketing
468285,Yefim,Nollmann,Marketing
468303,Stamatina,Beerel,Marketing
468320,Goetz,Ravishankar,Marketing
468381,Zhilian,Cangellaris,Marketing
468465,Yuping,McDermid,Marketing
468497,Odinaldo,Rettelbach,Marketing
468550,Richard,Hiroyama,Marketing
468730,Xiaoqiu,Christianini,Marketing
468825,Aruna,Breugel,Marketing
468844,Chiradeep,Jenevein,Marketing
468871,Chikara,Kaltofen,Marketing
469153,Gad,Masaki,Marketing
469168,Leif,Kugler,Marketing
469193,Lunjin,Mitzlaff,Marketing
469600,Mircea,Conry,Marketing
469672,Guadalupe,Hashii,Marketing
469705,Denis,Kamber,Marketing
469731,Ramya,Bierman,Marketing
469779,Dayanand,Kaltofen,Marketing
469899,Make,Streng,Marketing
470004,Sham,Couchot,Marketing
470018,Fuqing,Erez,Marketing
470033,Carrsten,Ciolek,Marketing
470264,Premal,Undy,Marketing
470386,Yongmin,dAstous,Marketing
470497,Unal,Reinhard,Marketing
470531,Willard,Makrucki,Marketing
470662,Kenton,Beilner,Marketing
470830,Paloma,Backhouse,Marketing
471047,Sadok,Karunanithi,Marketing
471233,Shigehito,Kalefeld,Marketing
471271,Domenico,Kushnir,Marketing
471353,Ayonca,Naumovich,Marketing
471395,Rasikan,Eickenmeyer,Marketing
471529,Munir,Aloia,Marketing
471550,Sadegh,Fujisaki,Marketing
471622,Baziley,Rothenberg,Marketing
471683,Christ,Yetto,Marketing
471799,Heather,Flanders,Marketing
471800,Guttorm,Diderrich,Marketing
471962,Joydip,Bach,Marketing
472234,Kensyu,Lunt,Marketing
472309,Arunas,Chimia,Marketing
472426,Baocai,Markovitch,Marketing
472513,Sanjoy,Birta,Marketing
472622,Kensei,Bage,Marketing
472633,Rosalyn,Picaronny,Marketing
472708,Kokou,Streit,Marketing
472748,Malu,Denny,Marketing
472829,Baziley,Highland,Marketing
473166,Masamitsu,Erde,Marketing
473178,Mototsugu,Verhoeff,Marketing
473330,Naraig,Perfilyeva,Marketing
473454,Yonghoan,Masaki,Marketing
473455,Shawna,Fabrizio,Marketing
473644,Ortrun,Makrucki,Marketing
473757,Xuejia,Bamford,Marketing
473899,Yucai,Badache,Marketing
474209,Charmane,Masand,Marketing
474388,Shooichi,Bach,Marketing
474519,Paloma,Kawashima,Marketing
474735,Kendra,Peir,Marketing
474872,Elvis,Emden,Marketing
475097,Marek,Koblick,Marketing
475300,Jongsuk,Schaar,Marketing
475367,Premal,Caine,Marketing
475462,Bikash,Marquardt,Marketing
475475,Baruch,Lichtner,Marketing
475525,Shaunak,Sullins,Marketing
475564,Elgin,Gladwell,Marketing
475880,Szabolcs,Tetzlaff,Marketing
476347,Bojan,Morrow,Marketing
476410,Akemi,Gunderson,Marketing
476542,Huei,Tempesti,Marketing
476815,Yonghong,Camurati,Marketing
476825,Hiroyasu,Kitsuregawa,Marketing
476933,Mayuri,Kobara,Marketing
477302,Chenxi,Budinsky,Marketing
477337,Margareta,Osgood,Marketing
477358,Minghong,Siegrist,Marketing
477508,Gonzalo,Bernatsky,Marketing
477595,Arto,Linares,Marketing
478114,Paloma,Dratva,Marketing
478121,Yucel,Ramaiah,Marketing
478125,Kazuhiro,Erez,Marketing
478264,Sreenivas,Stroustrup,Marketing
478435,Constantijn,Schwabacher,Marketing
478457,Tooru,Peron,Marketing
478642,Jeong,Erman,Marketing
479004,Mountaz,Copas,Marketing
479051,Sanjoy,Swen,Marketing
479189,Arnould,Dulin,Marketing
479496,Akeel,Lenart,Marketing
479791,Vidar,Mamelak,Marketing
479881,Odysseas,Kavvadias,Marketing
479937,Rimli,Kroft,Marketing
480043,Franziska,Chiola,Marketing
480158,Xiaoshan,Gente,Marketing
480243,Candida,Gerlach,Marketing
480283,Elvia,Barreiro,Marketing
480353,Weiyi,Vural,Marketing
480366,Chikara,Eiter,Marketing
480556,Irene,Kropf,Marketing
480828,Bernt,Dayang,Marketing
480976,Peternela,Katzenelson,Marketing
480981,Arco,Braccini,Marketing
481070,Miyeon,Gimbel,Marketing
481202,Bedir,Boguraev,Marketing
481228,Vishv,Cochrane,Marketing
481269,Stepehn,Openshaw,Marketing
481341,Hidde,Ranka,Marketing
481517,Palash,Peris,Marketing
481599,Hausi,Kawashima,Marketing
481640,Khoa,Shrader,Marketing
481658,Mingsen,Vanwelkenhuysen,Marketing
481961,Arne,Zumaque,Marketing
482144,Kensei,Shinomoto,Marketing
482573,Ger,Escriba,Marketing
482711,Alois,Jarecki,Marketing
482715,Kwangyoen,Guting,Marketing
482793,Lech,Walston,Marketing
482992,Kellyn,Velardi,Marketing
483136,Marjo,Perko,Marketing
483161,Yuguang,Yeung,Marketing
483572,Bedrich,Stroustrup,Marketing
483611,Goncalo,Einsfeld,Marketing
483821,Arunachalam,Fujisaki,Marketing
483835,Yishay,Cools,Marketing
483926,Supot,Peck,Marketing
483931,Sadun,Benveniste,Marketing
483999,Jouko,Barvinok,Marketing
484143,Wayne,Chinal,Marketing
484217,JoAnne,Gomatam,Marketing
484480,Doohun,Salvesen,Marketing
484777,Chriss,Hettesheimer,Marketing
485190,Yongdong,Petereit,Marketing
485309,Ute,Rahier,Marketing
485369,Hyuckchul,Schonegge,Marketing
485602,Baoqiu,Murillo,Marketing
485621,Bader,Bratsberg,Marketing
485625,Huei,Michaels,Marketing
485692,Erzsebet,Valiente,Marketing
485707,Reuven,McClure,Marketing
485798,Barun,Georgakopoulos,Marketing
485946,Pranay,Munch,Marketing
485975,Vincent,Peral,Marketing
486162,Weidon,Brender,Marketing
486191,Giri,Collette,Marketing
486210,Minghong,Marletta,Marketing
486215,Kiyokazu,Zschoche,Marketing
486283,Demin,Berstel,Marketing
486315,Sadok,Chorvat,Marketing
486364,Rosalyn,Ramras,Marketing
486372,Hsiangchu,Renear,Marketing
486423,Kasidit,Taneja,Marketing
486735,Kristinn,Rotem,Marketing
486946,Idoia,Chleq,Marketing
487272,Augustine,Nourani,Marketing
487686,Geraldo,Munoz,Marketing
488018,Adamantios,Zweizig,Marketing
488220,Tetsurou,Ouhyoung,Marketing
488275,Ulises,Woycyznski,Marketing
488474,Chenye,Hainaut,Marketing
488651,Hercules,Werthner,Marketing
488677,Gila,Bruckman,Marketing
489280,Kristen,Fraisse,Marketing
489638,Filipp,Socorro,Marketing
489663,Troy,Koblick,Marketing
489688,Amalendu,Fadgyas,Marketing
489734,Miyeon,Staylopatis,Marketing
490264,Hilary,Meriste,Marketing
490494,Sahrah,Molberg,Marketing
490611,Kokou,Chinin,Marketing
490614,Siddarth,Norsworthy,Marketing
490643,Subhada,Zongker,Marketing
490698,Shan,Furudate,Marketing
491003,Tzvetan,Krichel,Marketing
491117,Makato,Liedekerke,Marketing
491213,Shaowei,Angot,Marketing
491330,Anneli,Bernardinello,Marketing
491380,Phillip,Linares,Marketing
491459,Jiann,Gewali,Marketing
491484,Shugo,Oberman,Marketing
491847,Danel,Mitzlaff,Marketing
491850,Marsal,Lunt,Marketing
491892,Arfst,Gruenwald,Marketing
491958,Basim,Lorin,Marketing
492025,Yishai,Frolund,Marketing
492249,Moss,Kakkad,Marketing
492429,Paloma,Pelz,Marketing
492508,Uno,Eastman,Marketing
492597,Bedrich,Takanami,Marketing
492643,Renny,Homond,Marketing
492711,Zita,Marshall,Marketing
492799,LiMin,Ramsak,Marketing
492844,Falguni,Prenel,Marketing
492887,Soenke,Luby,Marketing
492943,Satyanarayana,Skogmar,Marketing
493155,Jaber,Henders,Marketing
493300,Tommaso,Bodoff,Marketing
493576,Margareta,Prochazka,Marketing
493720,Juyoung,Sridhar,Marketing
494008,Guadalupe,Roohalamini,Marketing
494136,Florian,Edelhoff,Marketing
494155,Byong,Schwabacher,Marketing
494199,Takanari,Gyimothy,Marketing
494319,Pradeep,Peha,Marketing
494381,Isaac,Ushiama,Marketing
494392,Emdad,Ernst,Marketing
494422,Constantine,Schwaller,Marketing
494428,Manton,Selvestrel,Marketing
494522,Florina,Koshiba,Marketing
494695,Mansur,Tanemo,Marketing
494769,Takahiro,Peek,Marketing
494804,Menkae,Mandell,Marketing
494815,Nirmal,Georgakopoulos,Marketing
494854,Wilmer,Ranze,Marketing
494963,Shugo,Iisaka,Marketing
495191,Radhakrishnan,Emmart,Marketing
495235,Gregory,Rosaz,Marketing
495596,Serap,Ressouche,Marketing
495621,Serenella,Socorro,Marketing
495862,Moty,Suppi,Marketing
496121,Malu,Jayawardene,Marketing
496623,Peer,Honglei,Marketing
496796,Hsiangchu,Eugenio,Marketing
496840,Maja,Georgakopoulos,Marketing
497113,Edwin,Orlowski,Marketing
497151,Lijia,Litzkow,Marketing
497160,Heon,Thiran,Marketing
497236,Halsur,Hoppenstand,Marketing
497316,Gonzalo,Guting,Marketing
497320,Boguslaw,Ghalwash,Marketing
497412,Kankanahalli,Kamble,Marketing
497426,Toshiko,Solovay,Marketing
497465,Halsur,Anido,Marketing
497493,Phuoc,Chandrasekhar,Marketing
497621,Brewster,Swick,Marketing
498187,Shaowen,Zielinski,Marketing
498196,Eckart,Suppi,Marketing
498287,Oscar,Pettis,Marketing
498311,Rajmohan,Zeidenstein,Marketing
498391,Kristina,Lagarias,Marketing
498402,Oddvar,Coorg,Marketing
498436,Shaowei,Keohane,Marketing
498660,Vojin,Neiman,Marketing
498737,Sachin,Schaap,Marketing
498787,Erzsebet,Perng,Marketing
498862,Zissis,Ranum,Marketing
498930,Hisao,Matzov,Marketing
498984,Lenore,Trelles,Marketing
499128,Conal,Swiler,Marketing
499213,Badri,Eugenio,Marketing
499453,Alper,Peck,Marketing
499665,Keiichiro,Champarnaud,Marketing
499689,Kinh,Sommer,Marketing
499764,Zengping,Peir,Marketing
